Hashtag,Count
tbt,2
solez4eversneakermollysmoenikejordanssneakoutssolecollectornicekickssneakerwatchsneakernews23isbacksolecondunkexchangeclassicsdontbeahypebeastigsneakercommunitysneakersocietykicksonfiresneakerconsneakerheadhypebeastkicksofthedayjordansdailysneakershoutssoleperfectsolelysneakersjordanfeaturekrushkickzsneakerlifesellingsneakerfiles,1
Mood,1
Paris,1
xtremotivation,1
Lights,1
mastersbodybuilding,1
orwhatever,1
rippedbeast,1
shredicated,1
twentyfive,1
auc,1
mensphysique,1
Led,1
MommyandMe,1
